pair_id	label	prediction	votes	msg	final_output
R01-1-A	N		['N']	"[{'role': 'system', 'content': ""You are a legal reasoning system. Given a set of relevant articles, you must answer whether a legal statement is true. Just answer as 'Y' for yes and 'N' for no enclosed in single quotes. Write nothing else.""}, {'role': 'user', 'content': ""Articles:\nArticle 5  (1) A minor must obtain the consent of the minor's legal representative to perform a juridical act; provided, however, that this does not apply to a juridical act for merely acquiring a right or being released from an obligation.\n(2) A juridical act in contravention of the provisions of the preceding paragraph is voidable.\n(3) Notwithstanding the provisions of paragraph (1), a minor may freely dispose of property that the legal representative has permitted the minor to dispose of for a specified purpose, to an extent that falls within the scope of that purpose. The same applies if the minor disposes of property that the legal representative has permitted the minor to dispose of without specifying a purpose.\n(Permission for Minors to Conduct Business)\n\nArticle 5\n(1) A minor must obtain the consent of the minor's legal representative to perform a juridical act;provided, however, that this does not apply to a juridical act for merely acquiring a right or being released from an obligation.\n(2) A juridical act in contravention of the provisions of the preceding paragraph is voidable.\n(3) Notwithstanding the provisions of paragraph (1), a minor may freely dispose of property that the legal representative has permitted the minor to dispose of for a specified purpose, to an extent that falls within the scope of that purpose. The same applies if the minor disposes of property that the legal representative has permitted the minor to dispose of without specifying a purpose.\n\nQuery:\nA contract of sales concluded by a minor may not be rescinded if it relates to daily life, even in cases the consent of the parental authority is not obtained.\n\nJust answer as 'Y' for yes and 'N' for no enclosed in single quotes. Write nothing else.""}]"	N
R01-1-I	Y		['Y']	"[{'role': 'system', 'content': ""You are a legal reasoning system. Given a set of relevant articles, you must answer whether a legal statement is true. Just answer as 'Y' for yes and 'N' for no enclosed in single quotes. Write nothing else.""}, {'role': 'user', 'content': ""Articles:\nArticle 9  A juridical act performed by an adult ward is voidable; provided, however, that this does not apply to the purchase of daily necessities or to any other act involved in day-to-day life.\n(Rescission of Decisions for Commencement of Guardianship)\n\nArticle 9\nA juridical act performed by an adult ward is voidable;provided, however, that this does not apply to the purchase of daily necessities or to any other act involved in day-to-day life.\n\nQuery:\nA contract of sales concluded by an adult ward may be rescinded except relating to daily life, even in cases the consent of the adult guardian has been obtained, the contract\n\nJust answer as 'Y' for yes and 'N' for no enclosed in single quotes. Write nothing else.""}]"	'Y'
R01-1-U	Y		['N']	"[{'role': 'system', 'content': ""You are a legal reasoning system. Given a set of relevant articles, you must answer whether a legal statement is true. Just answer as 'Y' for yes and 'N' for no enclosed in single quotes. Write nothing else.""}, {'role': 'user', 'content': ""Articles:\nArticle 9  A juridical act performed by an adult ward is voidable; provided, however, that this does not apply to the purchase of daily necessities or to any other act involved in day-to-day life.\n(Rescission of Decisions for Commencement of Guardianship)\n\nArticle 11  The family court may decide to commence a curatorship in respect of a person whose capacity to appreciate their own situation is extremely inadequate due to a mental disorder, at the request of the person in question, the person's spouse, the person's relative within the fourth degree of kinship, the guardian, the guardian's supervisor, the assistant, the assistant's supervisor, or a public prosecutor; provided, however, that this does not apply to a person in respect of whom a cause set forth in Article 7 exists.\n(Persons under Curatorship; Curators)\n\nArticle 17  (1) At the request of the person referred to in the main clause of Article 15, paragraph (1) or the assistant or assistant's supervisor, the family court may decide that the person under assistance must obtain the consent of the person's assistant in order to perform a specific juridical act; provided, however, that the acts that such a decision may establish as those for which the person must obtain the consent of the assistant are restricted to a part of the acts provided for in Article 13, paragraph (1).\n(2) In order to decide as referred to in the preceding paragraph at the request of a person other than the person in question requires the consent of the person in question.\n(3) If the assistant does not consent to an act for which the person under assistance must obtain the assistant's consent even though it is unlikely to prejudice the interests of the person under assistance, the family court may grant permission that operates in lieu of the assistant's consent, at the request of the person under assistance.\n(4) An act for which the person under assistance must obtain the assistant's consent is voidable if the person performs it without obtaining the assistance's consent or a permission that operates in lieu of it.\n(Rescission of Decisions for Commencement of Assistance)\n\nArticle 602  If a person with no authority of disposition makes a lease contract, the leases set forth in the following items must not exceed the terms specified in those items; any longer term specified by a contract is reduced to the term specified in the relevant item:\n(i) leases of forest for the purpose of planting or felling trees: 10 years;\n(ii) leases of land other than the leases set forth in the preceding item: five years;\n(iii) lease of a building: three years; and\n(iv) lease of movables: six months.\n(Renewal of Short-Term Leases)\n\nArticle 2  This Code must be construed so as to honor the dignity of individuals and the essential equality of both sexes.\nChapter II Persons\nSection 1 Capacity to Hold Rights\n\nArticle 9  A juridical act performed by an adult ward is voidable; provided, however, that this does not apply to the purchase of daily necessities or to any other act involved in day-to-day life.\n(Rescission of Decisions for Commencement of Guardianship)\n\nArticle 13  (1) A person under curatorship must obtain the consent of the curator in order to perform any of the following acts; provided, however, that this does not apply to an act provided for in the proviso of Article 9:\n(i) receiving or using any property producing civil fruit;\n(ii) borrowing money or guaranteeing an obligation;\n(iii) performing an act with the purpose of acquiring or losing any right regarding immovables or other significant property;\n(iv) suing any procedural act;\n(v) giving a gift, reaching a settlement, or entering into an arbitration agreement (meaning an arbitration agreement as provided in Article 2, paragraph (1) of the Arbitration Act (Act No. 138 of 2003));\n(vi) accepting or renouncing a succession or dividing an estate;\n(vii) refusing an offer of a gift, renouncing a legacy, accepting an offer of gift with burden, or accepting a legacy with burden;\n(viii) constructing a new building, renovating, expanding, or undertaking major repairs;\n(ix) granting a lease for a term that exceeds the period set forth in Article 602; or\n(x) performing any of the acts set forth in the preceding items as a legal representative of a person with qualified legal capacity (meaning a minor, adult ward, or person under curatorship or a person under assistance who is subject to a decision as referred to in Article 17, paragraph (1); the same applies hereinafter).\n(2) At the request of a person as referred to in the main clause of Article 11 or the curator or curator's supervisor, the family court may decide that the person under curatorship must also obtain the consent of the curator before performing an act other than those set forth in each of the items of the preceding paragraph; provided, however, that this does not apply to an act provided for in the proviso to Article 9.\n(3) If the curator does not consent to an act for which the person under curatorship must obtain the curator's consent even though it is unlikely to prejudice the interests of the person under curatorship, the family court may grant permission that operates in lieu of the curator's consent at the request of the person under curatorship.\n(4) An act for which the person under curatorship must obtain the curator's consent is voidable if the person performs it without obtaining the curator's consent or a permission that operates in lieu of it.\n(Rescission of Decisions for Commencement of Curatorship)\n\nArticle 13\n(1) A person under curatorship must obtain the consent of the curator in order to perform any of the following acts;provided, however, that this does not apply to an act provided for in the proviso of Article 9:\n(i) receiving or using any property producing civil fruit;\n(ii) borrowing money or guaranteeing an obligation;\n(iii) performing an act with the purpose of acquiring or losing any right regarding immovables or other significant property;\n(iv) suing any procedural act;\n(v) giving a gift, reaching a settlement, or entering into an arbitration agreement (meaning an arbitration agreement as provided in Article 2, paragraph (1) of the Arbitration Act (Act No. 138 of 2003));\n(vi) accepting or renouncing a succession or dividing an estate;\n(vii) refusing an offer of a gift, renouncing a legacy, accepting an offer of gift with burden, or accepting a legacy with burden;\n(viii) constructing a new building, renovating, expanding, or undertaking major repairs;\n(ix) granting a lease for a term that exceeds the period set forth in Article 602; or\n(x) performing any of the acts set forth in the preceding items as a legal representative of a person with qualified legal capacity (meaning a minor, adult ward, or person under curatorship or a person under assistance who is subject to a decision as referred to in Article 17, paragraph (1); the same applies hereinafter).\n(2) At the request of a person as referred to in the main clause of Article 11\nor the curator or curator's supervisor, the family court may decide that the person under curatorship must also obtain the consent of the curator before performing an act other than those set forth in each of the items of the preceding paragraph;provided, however, that this does not apply to an act provided for in the proviso to Article 9.\n(3) If the curator does not consent to an act for which the person under curatorship must obtain the curator's consent even though it is unlikely to prejudice the interests of the person under curatorship, the family court may grant permission that operates in lieu of the curator's consent at the request of the person under curatorship.\n(4) An act for which the person under curatorship must obtain the curator's consent is voidable if the person performs it without obtaining the curator's consent or a permission that operates in lieu of it.\n\nQuery:\nA contract of guarantee concluded by a person under curatorship may not be rescinded in cases the consent of the curator is obtained.\n\nJust answer as 'Y' for yes and 'N' for no enclosed in single quotes. Write nothing else.""}]"	'N'
R01-1-E	Y		['Y']	"[{'role': 'system', 'content': ""You are a legal reasoning system. Given a set of relevant articles, you must answer whether a legal statement is true. Just answer as 'Y' for yes and 'N' for no enclosed in single quotes. Write nothing else.""}, {'role': 'user', 'content': ""Articles:\nArticle 13  (1) A person under curatorship must obtain the consent of the curator in order to perform any of the following acts; provided, however, that this does not apply to an act provided for in the proviso of Article 9:\n(i) receiving or using any property producing civil fruit;\n(ii) borrowing money or guaranteeing an obligation;\n(iii) performing an act with the purpose of acquiring or losing any right regarding immovables or other significant property;\n(iv) suing any procedural act;\n(v) giving a gift, reaching a settlement, or entering into an arbitration agreement (meaning an arbitration agreement as provided in Article 2, paragraph (1) of the Arbitration Act (Act No. 138 of 2003));\n(vi) accepting or renouncing a succession or dividing an estate;\n(vii) refusing an offer of a gift, renouncing a legacy, accepting an offer of gift with burden, or accepting a legacy with burden;\n(viii) constructing a new building, renovating, expanding, or undertaking major repairs;\n(ix) granting a lease for a term that exceeds the period set forth in Article 602; or\n(x) performing any of the acts set forth in the preceding items as a legal representative of a person with qualified legal capacity (meaning a minor, adult ward, or person under curatorship or a person under assistance who is subject to a decision as referred to in Article 17, paragraph (1); the same applies hereinafter).\n(2) At the request of a person as referred to in the main clause of Article 11 or the curator or curator's supervisor, the family court may decide that the person under curatorship must also obtain the consent of the curator before performing an act other than those set forth in each of the items of the preceding paragraph; provided, however, that this does not apply to an act provided for in the proviso to Article 9.\n(3) If the curator does not consent to an act for which the person under curatorship must obtain the curator's consent even though it is unlikely to prejudice the interests of the person under curatorship, the family court may grant permission that operates in lieu of the curator's consent at the request of the person under curatorship.\n(4) An act for which the person under curatorship must obtain the curator's consent is voidable if the person performs it without obtaining the curator's consent or a permission that operates in lieu of it.\n(Rescission of Decisions for Commencement of Curatorship)\n\nArticle 15  (1) The family court may decide to commence an assistance in respect of a person whose capacity to appreciate their own situation is inadequate due to a mental disorder, at the request of the person in question, that person's spouse, that person's relative within the fourth degree of kinship, the guardian, the guardian's supervisor, the curator, the curator's supervisor, or a public prosecutor; provided, however, that this does not apply to a person with respect to whom there are grounds as prescribed in Article 7 or the main clause of Article 11.\n(2) The issuance of a decision for commencement of assistance at the request of a person other than the person in question requires the consent of the person in question.\n(3) A decision for commencement of assistance must be made concurrent with a decision as referred to in Article 17, paragraph (1) or a decision as referred to in Article 876-9, paragraph (1).\n(Persons under Assistance; Assistants)\n\nArticle 17  (1) At the request of the person referred to in the main clause of Article 15, paragraph (1) or the assistant or assistant's supervisor, the family court may decide that the person under assistance must obtain the consent of the person's assistant in order to perform a specific juridical act; provided, however, that the acts that such a decision may establish as those for which the person must obtain the consent of the assistant are restricted to a part of the acts provided for in Article 13, paragraph (1).\n(2) In order to decide as referred to in the preceding paragraph at the request of a person other than the person in question requires the consent of the person in question.\n(3) If the assistant does not consent to an act for which the person under assistance must obtain the assistant's consent even though it is unlikely to prejudice the interests of the person under assistance, the family court may grant permission that operates in lieu of the assistant's consent, at the request of the person under assistance.\n(4) An act for which the person under assistance must obtain the assistant's consent is voidable if the person performs it without obtaining the assistance's consent or a permission that operates in lieu of it.\n(Rescission of Decisions for Commencement of Assistance)\n\nArticle 17\n(1) At the request of the person referred to in the main clause of Article 15, paragraph (1) or the assistant or assistant's supervisor, the family court may decide that the person under assistance must obtain the consent of the person's assistant in order to perform a specific juridical act;provided, however, that the acts that such a decision may establish as those for which the person must obtain the consent of the assistant are restricted to a part of the acts provided for in Article 13, paragraph (1).\n(2) In order to decide as referred to in the preceding paragraph at the request of a person other than the person in question requires the consent of the person in question.\n(3) If the assistant does not consent to an act for which the person under assistance must obtain the assistant's consent even though it is unlikely to prejudice the interests of the person under assistance, the family court may grant permission that operates in lieu of the assistant's consent, at the request of the person under assistance.\n(4) An act for which the person under assistance must obtain the assistant's consent is voidable if the person performs it without obtaining the assistance's consent or a permission that operates in lieu of it.\n\nQuery:\nAn act which requires the consent of the assistant may be rescinded if the person under assistance performed it without such consent or the permission of family court in lieu thereof.\n\nJust answer as 'Y' for yes and 'N' for no enclosed in single quotes. Write nothing else.""}]"	'Y'
R01-1-O	N		['N']	"[{'role': 'system', 'content': ""You are a legal reasoning system. Given a set of relevant articles, you must answer whether a legal statement is true. Just answer as 'Y' for yes and 'N' for no enclosed in single quotes. Write nothing else.""}, {'role': 'user', 'content': ""Articles:\nArticle 126  The right to rescind an act is extinguished by the operation of the prescription if it is not exercised within five years from the time when it becomes possible to ratify the act. The same applies if 20 years have passed from the time of the act.\nSection 5 Conditions and Time Limits\n(Effect of Fulfillment of Conditions)\n\nArticle 124  (1) The ratification of a voidable act does not become effective unless it is made after the circumstances that made the act voidable cease to exist and the person ratifying the act becomes aware of the right to rescind it.\n(2) In the following cases, the ratification referred to in the preceding paragraph is not required to be made after the circumstances that made the act voidable cease to exist:\n(i) if a legal representative or a curator or assistant of a person with qualified legal capacity ratifies the act; or\n(ii) if a person with qualified legal capacity (excluding an adult ward) makes the ratification with the consent of a legal representative, curator or assistant.\n(Statutory Ratification)\n\nArticle 124\n(1) The ratification of a voidable act does not become effective unless it is made after the circumstances that made the act voidable cease to exist and the person ratifying the act becomes aware of the right to rescind it.\n(2) In the following cases, the ratification referred to in the preceding paragraph is not required to be made after the circumstances that made the act voidable cease to exist:\n(i) if a legal representative or a curator or assistant of a person with qualified legal capacity ratifies the act; or\n(ii) if a person with qualified legal capacity (excluding an adult ward) makes the ratification with the consent of a legal representative, curator or assistant.\nArticle 126\nThe right to rescind an act is extinguished by the operation of the prescription if it is not exercised within five years from the time when it becomes possible to ratify the act. The same applies if 20 years have passed from the time of the act.\n\nQuery:\nThe period of the extinctive prescription of the right to rescind about the act performed by an adult ward commences from the time of becoming a person with capacity to act.\n\nJust answer as 'Y' for yes and 'N' for no enclosed in single quotes. Write nothing else.""}]"	N
R01-2-A	Y		['Y']	"[{'role': 'system', 'content': ""You are a legal reasoning system. Given a set of relevant articles, you must answer whether a legal statement is true. Just answer as 'Y' for yes and 'N' for no enclosed in single quotes. Write nothing else.""}, {'role': 'user', 'content': ""Articles:\nArticle 103  An agent who has no specifically defined authority has the authority to perform the following acts only:\n(i) acts of preservation; and\n(ii) acts with the purpose of using or improving a thing or right that is the subject matter of the agency, to the extent that this does not change the nature of that thing or right.\n(Appointment of Subagents by Agents)\n\nArticle 103  An agent who has no specifically defined authority has the authority to perform the following acts only:\n(i) acts of preservation; and\n(ii) acts with the purpose of using or improving a thing or right that is the subject matter of the agency, to the extent that this does not change the nature of that thing or right.\n(Appointment of Subagents by Agents)\n\nArticle 28  If an administrator needs to perform an act exceeding the authority provided for in Article 103, the administrator may perform that act after obtaining the permission of the family court. The same applies if it is unclear whether the absentee is dead or alive and the administrator needs to perform an act exceeding the authority established by the absentee.\n(Provision of Security by and Remuneration of Administrators)\n\nArticle 28\nIf an administrator needs to perform an act exceeding the authority provided for in Article 103, the administrator may perform that act after obtaining the permission of the family court. The same applies if it is unclear whether the absentee is dead or alive and the administrator needs to perform an act exceeding the authority established by the absentee.\nArticle 103\nAn agent who has no specifically defined authority has the authority to perform the following acts only:\n(i) acts of preservation; and\n(ii) acts with the purpose of using or improving a thing or right that is the subject matter of the agency, to the extent that this does not change the nature of that thing or right.\n\nQuery:\nThe family court appointed B as the administrator of the property of absentee A, as A went missing without appointing the one. In cases where A owns land X, B needs to obtains the permission of a family court in order to sell Land X as an agent of A.\n\nJust answer as 'Y' for yes and 'N' for no enclosed in single quotes. Write nothing else.""}]"	Y
R01-2-I	Y		['N']	"[{'role': 'system', 'content': ""You are a legal reasoning system. Given a set of relevant articles, you must answer whether a legal statement is true. Just answer as 'Y' for yes and 'N' for no enclosed in single quotes. Write nothing else.""}, {'role': 'user', 'content': ""Articles:\nArticle 103  An agent who has no specifically defined authority has the authority to perform the following acts only:\n(i) acts of preservation; and\n(ii) acts with the purpose of using or improving a thing or right that is the subject matter of the agency, to the extent that this does not change the nature of that thing or right.\n(Appointment of Subagents by Agents)\n\nArticle 103  An agent who has no specifically defined authority has the authority to perform the following acts only:\n(i) acts of preservation; and\n(ii) acts with the purpose of using or improving a thing or right that is the subject matter of the agency, to the extent that this does not change the nature of that thing or right.\n(Appointment of Subagents by Agents)\n\nArticle 28  If an administrator needs to perform an act exceeding the authority provided for in Article 103, the administrator may perform that act after obtaining the permission of the family court. The same applies if it is unclear whether the absentee is dead or alive and the administrator needs to perform an act exceeding the authority established by the absentee.\n(Provision of Security by and Remuneration of Administrators)\n\nArticle 28\nIf an administrator needs to perform an act exceeding the authority provided for in Article 103, the administrator may perform that act after obtaining the permission of the family court. The same applies if it is unclear whether the absentee is dead or alive and the administrator needs to perform an act exceeding the authority established by the absentee.\nArticle 103\nAn agent who has no specifically defined authority has the authority to perform the following acts only:\n(i) acts of preservation; and\n(ii) acts with the purpose of using or improving a thing or right that is the subject matter of the agency, to the extent that this does not change the nature of that thing or right.\n\nQuery:\nThe family court appointed B as the administrator of the property of absentee A, as A went missing without appointing the one. In cases where cash owned by A is discovered, B doesn't need to obtain the permission of a family when depositing in A's saving account of Bank D as an agent of A.\n\nJust answer as 'Y' for yes and 'N' for no enclosed in single quotes. Write nothing else.""}]"	N
R01-2-U	Y		['N']	"[{'role': 'system', 'content': ""You are a legal reasoning system. Given a set of relevant articles, you must answer whether a legal statement is true. Just answer as 'Y' for yes and 'N' for no enclosed in single quotes. Write nothing else.""}, {'role': 'user', 'content': ""Articles:\nArticle 103  An agent who has no specifically defined authority has the authority to perform the following acts only:\n(i) acts of preservation; and\n(ii) acts with the purpose of using or improving a thing or right that is the subject matter of the agency, to the extent that this does not change the nature of that thing or right.\n(Appointment of Subagents by Agents)\n\nArticle 103  An agent who has no specifically defined authority has the authority to perform the following acts only:\n(i) acts of preservation; and\n(ii) acts with the purpose of using or improving a thing or right that is the subject matter of the agency, to the extent that this does not change the nature of that thing or right.\n(Appointment of Subagents by Agents)\n\nArticle 28  If an administrator needs to perform an act exceeding the authority provided for in Article 103, the administrator may perform that act after obtaining the permission of the family court. The same applies if it is unclear whether the absentee is dead or alive and the administrator needs to perform an act exceeding the authority established by the absentee.\n(Provision of Security by and Remuneration of Administrators)\n\nArticle 28\nIf an administrator needs to perform an act exceeding the authority provided for in Article 103, the administrator may perform that act after obtaining the permission of the family court. The same applies if it is unclear whether the absentee is dead or alive and the administrator needs to perform an act exceeding the authority established by the absentee.\nArticle 103\nAn agent who has no specifically defined authority has the authority to perform the following acts only:\n(i) acts of preservation; and\n(ii) acts with the purpose of using or improving a thing or right that is the subject matter of the agency, to the extent that this does not change the nature of that thing or right.\n\nQuery:\nThe family court appointed B as the administrator of the property of absentee A, as A went missing without appointing the one. In cases where A has the debt obligation which is due against E, B doesn't need to obtain the permission of a family court when paying it to E for the benefit of A.\n\nJust answer as 'Y' for yes and 'N' for no enclosed in single quotes. Write nothing else.""}]"	N
R01-2-E	N		['N']	"[{'role': 'system', 'content': ""You are a legal reasoning system. Given a set of relevant articles, you must answer whether a legal statement is true. Just answer as 'Y' for yes and 'N' for no enclosed in single quotes. Write nothing else.""}, {'role': 'user', 'content': ""Articles:\nArticle 103  An agent who has no specifically defined authority has the authority to perform the following acts only:\n(i) acts of preservation; and\n(ii) acts with the purpose of using or improving a thing or right that is the subject matter of the agency, to the extent that this does not change the nature of that thing or right.\n(Appointment of Subagents by Agents)\n\nArticle 103  An agent who has no specifically defined authority has the authority to perform the following acts only:\n(i) acts of preservation; and\n(ii) acts with the purpose of using or improving a thing or right that is the subject matter of the agency, to the extent that this does not change the nature of that thing or right.\n(Appointment of Subagents by Agents)\n\nArticle 28  If an administrator needs to perform an act exceeding the authority provided for in Article 103, the administrator may perform that act after obtaining the permission of the family court. The same applies if it is unclear whether the absentee is dead or alive and the administrator needs to perform an act exceeding the authority established by the absentee.\n(Provision of Security by and Remuneration of Administrators)\n\nArticle 28\nIf an administrator needs to perform an act exceeding the authority provided for in Article 103, the administrator may perform that act after obtaining the permission of the family court. The same applies if it is unclear whether the absentee is dead or alive and the administrator needs to perform an act exceeding the authority established by the absentee.\nArticle 103\nAn agent who has no specifically defined authority has the authority to perform the following acts only:\n(i) acts of preservation; and\n(ii) acts with the purpose of using or improving a thing or right that is the subject matter of the agency, to the extent that this does not change the nature of that thing or right.\n\nQuery:\nThe family court appointed B as the administrator of the property of absentee A, as A went missing without appointing the one. In cases where A is one of the joint heirs of decendent F, B doesn't need to obtain the permission of a family court when dividing inherited F's property by agreement between the other joint heirs as an agent of A.\n\nJust answer as 'Y' for yes and 'N' for no enclosed in single quotes. Write nothing else.""}]"	'N'
R01-2-O	N		['N']	"[{'role': 'system', 'content': ""You are a legal reasoning system. Given a set of relevant articles, you must answer whether a legal statement is true. Just answer as 'Y' for yes and 'N' for no enclosed in single quotes. Write nothing else.""}, {'role': 'user', 'content': ""Articles:\nArticle 103  An agent who has no specifically defined authority has the authority to perform the following acts only:\n(i) acts of preservation; and\n(ii) acts with the purpose of using or improving a thing or right that is the subject matter of the agency, to the extent that this does not change the nature of that thing or right.\n(Appointment of Subagents by Agents)\n\nArticle 103  An agent who has no specifically defined authority has the authority to perform the following acts only:\n(i) acts of preservation; and\n(ii) acts with the purpose of using or improving a thing or right that is the subject matter of the agency, to the extent that this does not change the nature of that thing or right.\n(Appointment of Subagents by Agents)\n\nArticle 28  If an administrator needs to perform an act exceeding the authority provided for in Article 103, the administrator may perform that act after obtaining the permission of the family court. The same applies if it is unclear whether the absentee is dead or alive and the administrator needs to perform an act exceeding the authority established by the absentee.\n(Provision of Security by and Remuneration of Administrators)\n\nArticle 28\nIf an administrator needs to perform an act exceeding the authority provided for in Article 103, the administrator may perform that act after obtaining the permission of the family court. The same applies if it is unclear whether the absentee is dead or alive and the administrator needs to perform an act exceeding the authority established by the absentee.\nArticle 103\nAn agent who has no specifically defined authority has the authority to perform the following acts only:\n(i) acts of preservation; and\n(ii) acts with the purpose of using or improving a thing or right that is the subject matter of the agency, to the extent that this does not change the nature of that thing or right.\n\nQuery:\nThe family court appointed B as the administrator of the property of absentee A, as A went missing without appointing the one. In cases where A has child G, B doesn't need to obtain the permission of a family court when donating marriage fund to G as an agent of A.\n\nJust answer as 'Y' for yes and 'N' for no enclosed in single quotes. Write nothing else.""}]"	N
